{
    "mp_type": "ETHMotionPrimitive",
    "control_space_q": 3,
    "num_dims": 2,
    "tiling": true,
    "rho": 10,
    "poly_order": 9,
    "dispersion": 15121.703271996408,
    "dispersion_list": [
        15121.703271996408
    ],
    "check_backwards_dispersion": true,
    "max_state": [
        0.5,
        2.0,
        2.0
    ],
    "num_dense_samples": 100,
    "vertices": [
        [
            0.0,
            0.0,
            0.0,
            0.0,
            0.0,
            0.0
        ]
    ],
    "edges": [
        {},
        {
            "cost": 72.77768901414234,
            "traj_time": 2.5078375674627345,
            "start_state": [
                0.0,
                0.0,
                0.0,
                0.0,
                0.0,
                0.0
            ],
            "end_state": [
                0.0,
                -1.0,
                0.0,
                0.0,
                0.0,
                0.0
            ],
            "polys": [
                [
                    0.0,
                    0.0,
                    0.0,
                    0.0,
                    0.0,
                    0.0,
                    0.0,
                    0.0,
                    0.0,
                    0.0
                ],
                [
                    -0.007937692796927099,
                    0.08957899887794887,
                    -0.3837059175827684,
                    0.7388240225167455,
                    -0.5588861850259731,
                    0.15499019092156197,
                    -0.32408558586419717,
                    0.0,
                    0.0,
                    0.0
                ]
            ]
        },
        {
            "cost": 72.77768901414234,
            "traj_time": 2.5078375674627345,
            "start_state": [
                0.0,
                0.0,
                0.0,
                0.0,
                0.0,
                0.0
            ],
            "end_state": [
                0.0,
                1.0,
                0.0,
                0.0,
                0.0,
                0.0
            ],
            "polys": [
                [
                    0.0,
                    0.0,
                    0.0,
                    0.0,
                    0.0,
                    0.0,
                    0.0,
                    0.0,
                    0.0,
                    0.0
                ],
                [
                    0.007937692796927099,
                    -0.08957899887794887,
                    0.3837059175827684,
                    -0.7388240225167455,
                    0.5588861850259731,
                    -0.15499019092156197,
                    0.32408558586419717,
                    0.0,
                    0.0,
                    0.0
                ]
            ]
        },
        {
            "cost": 72.77768901414234,
            "traj_time": 2.5078375674627345,
            "start_state": [
                0.0,
                0.0,
                0.0,
                0.0,
                0.0,
                0.0
            ],
            "end_state": [
                -1.0,
                0.0,
                0.0,
                0.0,
                0.0,
                0.0
            ],
            "polys": [
                [
                    -0.007937692796927099,
                    0.08957899887794887,
                    -0.3837059175827684,
                    0.7388240225167455,
                    -0.5588861850259731,
                    0.15499019092156197,
                    -0.32408558586419717,
                    0.0,
                    0.0,
                    0.0
                ],
                [
                    0.0,
                    0.0,
                    0.0,
                    0.0,
                    0.0,
                    0.0,
                    0.0,
                    0.0,
                    0.0,
                    0.0
                ]
            ]
        },
        {
            "cost": 89.88960607902881,
            "traj_time": 2.8029602165224716,
            "start_state": [
                0.0,
                0.0,
                0.0,
                0.0,
                0.0,
                0.0
            ],
            "end_state": [
                -1.0,
                -1.0,
                0.0,
                0.0,
                0.0,
                0.0
            ],
            "polys": [
                [
                    -0.0029128304083824376,
                    0.03674350871253818,
                    -0.17593049844988592,
                    0.37868742584087073,
                    -0.32032427983526307,
                    0.09954437862564189,
                    -0.2322369029104219,
                    0.0,
                    0.0,
                    0.0
                ],
                [
                    -0.002908263011414814,
                    0.0366820579989703,
                    -0.17560754112724658,
                    0.3778827711502109,
                    -0.3194784991780292,
                    0.099544378625642,
                    -0.2326798994737479,
                    0.0,
                    0.0,
                    0.0
                ]
            ]
        },
        {
            "cost": 89.88960607902881,
            "traj_time": 2.8029602165224716,
            "start_state": [
                0.0,
                0.0,
                0.0,
                0.0,
                0.0,
                0.0
            ],
            "end_state": [
                -1.0,
                1.0,
                0.0,
                0.0,
                0.0,
                0.0
            ],
            "polys": [
                [
                    -0.0029128304083824376,
                    0.03674350871253818,
                    -0.17593049844988592,
                    0.37868742584087073,
                    -0.32032427983526307,
                    0.09954437862564189,
                    -0.2322369029104219,
                    0.0,
                    0.0,
                    0.0
                ],
                [
                    0.002908263011414814,
                    -0.0366820579989703,
                    0.17560754112724658,
                    -0.3778827711502109,
                    0.3194784991780292,
                    -0.099544378625642,
                    0.2326798994737479,
                    0.0,
                    0.0,
                    0.0
                ]
            ]
        },
        {
            "cost": 72.77768901414234,
            "traj_time": 2.5078375674627345,
            "start_state": [
                0.0,
                0.0,
                0.0,
                0.0,
                0.0,
                0.0
            ],
            "end_state": [
                1.0,
                0.0,
                0.0,
                0.0,
                0.0,
                0.0
            ],
            "polys": [
                [
                    0.007937692796927099,
                    -0.08957899887794887,
                    0.3837059175827684,
                    -0.7388240225167455,
                    0.5588861850259731,
                    -0.15499019092156197,
                    0.32408558586419717,
                    0.0,
                    0.0,
                    0.0
                ],
                [
                    0.0,
                    0.0,
                    0.0,
                    0.0,
                    0.0,
                    0.0,
                    0.0,
                    0.0,
                    0.0,
                    0.0
                ]
            ]
        },
        {
            "cost": 89.88960607902881,
            "traj_time": 2.8029602165224716,